MMSI,BaseDateTime,LAT,LON,SOG,VesselType,Length,vessel_class,emission_125hz_dB,grid_lon,grid_lat,cell_id
366875000,2024-01-01T11:16:03,29.94373,-90.31168,9.7,52.0,172.0,Tanker,170.09071915440038,-90.325,29.925,-90.325_29.925
367401290,2024-01-01T22:00:06,29.37718,-94.89312,0.0,52.0,33.0,Other,155.1851393987789,-94.9,29.375,-94.9_29.375
367586380,2024-01-01T18:14:52,29.94067,-91.84238,0.0,90.0,35.0,Other,155.44068044350274,-91.85000000000001,29.925,-91.85000000000001_29.925
367649170,2024-01-01T09:21:04,29.99771,-90.83397,0.0,31.0,23.0,Other,153.61727836017593,-90.85000000000001,29.975,-90.85000000000001_29.975
538009497,2024-01-01T01:27:53,29.54116,-89.75781,9.1,70.0,180.0,Cargo,166.73355289745493,-89.775,29.525000000000002,-89.775_29.525000000000002
338492897,2024-01-01T17:44:30,29.66178,-93.83206,6.2,37.0,0.0,Other,155.84783378996508,-93.85000000000001,29.650000000000002,-93.85000000000001_29.650000000000002
367004510,2024-01-01T20:15:35,29.98597,-90.40646,0.8,31.0,22.0,Other,140.0,-90.42500000000001,29.975,-90.42500000000001_29.975
368143120,2024-01-01T17:42:30,29.83476,-93.95562,0.0,31.0,20.0,Other,153.0102999566398,-93.97500000000001,29.825000000000003,-93.97500000000001_29.825000000000003
368206170,2024-01-01T02:51:31,29.15762,-89.24607,0.0,70.0,49.0,Cargo,161.90196080028514,-89.25,29.150000000000002,-89.25_29.150000000000002
367501660,2024-01-01T17:49:49,29.92663,-90.19979,0.0,31.0,117.0,Tanker,168.68185861746161,-90.2,29.925,-90.2_29.925
368121940,2024-01-01T16:11:41,29.37069,-89.55014,0.0,31.0,35.0,Other,155.44068044350274,-89.575,29.35,-89.575_29.35
367066070,2024-01-01T15:33:39,29.9399,-90.17862,0.0,52.0,43.0,Other,156.33468455579586,-90.2,29.925,-90.2_29.925
367409990,2024-01-01T23:41:50,29.83992,-93.95629,0.0,31.0,25.0,Other,153.97940008672037,-93.97500000000001,29.825000000000003,-93.97500000000001_29.825000000000003
367313530,2024-01-01T08:26:31,29.71971,-91.70124,0.0,31.0,15.0,Other,151.7609125905568,-91.72500000000001,29.700000000000003,-91.72500000000001_29.700000000000003
368400000,2024-01-01T04:40:49,29.14702,-90.20868,0.0,70.0,106.0,Cargo,165.2530586526477,-90.22500000000001,29.125,-90.22500000000001_29.125
367447170,2024-01-01T11:30:33,29.46796,-94.962,0.1,69.0,33.0,Passenger,145.1851393987789,-94.97500000000001,29.450000000000003,-94.97500000000001_29.450000000000003
367005480,2024-01-01T14:14:05,29.15032,-89.21271,0.0,31.0,15.0,Other,151.7609125905568,-89.22500000000001,29.150000000000002,-89.22500000000001_29.150000000000002
367737960,2024-01-01T00:18:44,29.93542,-90.32652,9.4,52.0,20.0,Other,152.4728570286338,-90.35000000000001,29.925,-90.35000000000001_29.925
367555690,2024-01-01T11:38:05,29.61685,-89.89064,6.3,52.0,18.0,Other,148.5395360401047,-89.9,29.6,-89.9_29.6
367189030,2024-01-01T09:02:23,29.88196,-89.64593,0.0,33.0,54.0,Other,157.3239375982297,-89.65,29.875,-89.65_29.875
367416060,2024-01-01T02:49:32,29.62299,-91.09689,6.2,70.0,64.0,Cargo,158.90963352980395,-91.10000000000001,29.6,-91.10000000000001_29.6
563153100,2024-01-01T02:03:24,29.92416,-89.93634,0.0,70.0,183.0,Cargo,167.6245108973043,-89.95,29.900000000000002,-89.95_29.900000000000002
367388580,2024-01-01T13:39:21,29.61067,-89.89056,0.0,31.0,20.0,Other,153.0102999566398,-89.9,29.6,-89.9_29.6
367679550,2024-01-01T08:23:08,29.90397,-90.08108,0.0,52.0,24.0,Other,153.80211241711606,-90.10000000000001,29.900000000000002,-90.10000000000001_29.900000000000002
367598980,2024-01-01T17:01:18,29.05623,-89.30885,0.0,31.0,227.0,Cargo,168.56025857193123,-89.325,29.05,-89.325_29.05
368129990,2024-01-01T17:58:25,29.30404,-89.08064,0.0,30.0,28.0,Fishing,149.47158031342218,-89.10000000000001,29.3,-89.10000000000001_29.3
366891140,2024-01-01T11:31:15,29.44398,-89.60049,9.4,52.0,180.0,Tanker,170.01528212302705,-89.625,29.425,-89.625_29.425
366912570,2024-01-01T00:48:14,28.75372,-91.38892,0.0,90.0,43.0,Other,156.33468455579586,-91.4,28.75,-91.4_28.75
357258000,2024-01-01T17:58:17,28.84102,-93.97289,12.0,80.0,183.0,Tanker,172.2081358182568,-93.97500000000001,28.825000000000003,-93.97500000000001_28.825000000000003
366273000,2024-01-01T03:13:22,29.83192,-93.95919,0.0,80.0,183.0,Tanker,170.6245108973043,-93.97500000000001,29.825000000000003,-93.97500000000001_29.825000000000003
367422770,2024-01-01T06:37:44,29.93688,-90.3439,0.1,31.0,28.0,Other,140.0,-90.35000000000001,29.925,-90.35000000000001_29.925
338517000,2024-01-01T22:46:49,29.5865,-90.37427,0.0,20.0,85.0,Other,159.29418925714293,-90.375,29.575000000000003,-90.375_29.575000000000003
366938440,2024-01-01T08:39:28,29.91795,-90.08287,0.0,52.0,33.0,Other,155.1851393987789,-90.10000000000001,29.900000000000002,-90.10000000000001_29.900000000000002
259788000,2024-01-01T19:49:14,29.28904,-94.5237,0.1,80.0,183.0,Tanker,150.6245108973043,-94.525,29.275000000000002,-94.525_29.275000000000002
367656420,2024-01-01T23:00:01,29.96349,-93.86186,0.0,31.0,20.0,Other,153.0102999566398,-93.875,29.950000000000003,-93.875_29.950000000000003
367468640,2024-01-01T13:11:08,29.94291,-92.89829,6.2,30.0,26.0,Fishing,144.99756726967325,-92.9,29.925,-92.9_29.925
367598990,2024-01-01T14:36:03,29.65787,-91.02756,0.0,60.0,30.0,Passenger,164.77121254719663,-91.05000000000001,29.650000000000002,-91.05000000000001_29.650000000000002
367565110,2024-01-01T16:46:02,29.82767,-90.05793,4.2,52.0,22.0,Other,145.8892126161801,-90.075,29.825000000000003,-90.075_29.825000000000003
367156260,2024-01-01T21:43:00,29.59705,-90.66566,0.0,90.0,46.0,Other,156.62757831681574,-90.67500000000001,29.575000000000003,-90.67500000000001_29.575000000000003
366981080,2024-01-01T20:03:32,29.70899,-91.21911,0.0,31.0,16.0,Other,152.04119982655925,-91.22500000000001,29.700000000000003,-91.22500000000001_29.700000000000003
368217380,2024-01-01T14:40:58,29.96877,-93.85995,0.0,31.0,17.0,Other,152.30448921378274,-93.875,29.950000000000003,-93.875_29.950000000000003
367741510,2024-01-01T00:14:17,29.66256,-91.13002,0.0,31.0,30.0,Other,154.77121254719663,-91.15,29.650000000000002,-91.15_29.650000000000002
367005590,2024-01-01T09:02:41,29.57161,-90.59411,0.0,52.0,54.0,Other,157.3239375982297,-90.60000000000001,29.55,-90.60000000000001_29.55
366956290,2024-01-01T09:20:48,29.14046,-90.20523,0.0,70.0,55.0,Cargo,162.40362689494245,-90.22500000000001,29.125,-90.22500000000001_29.125
563153100,2024-01-01T06:57:24,29.92412,-89.93633,0.0,70.0,183.0,Cargo,167.6245108973043,-89.95,29.900000000000002,-89.95_29.900000000000002
366997830,2024-01-01T21:07:14,29.9574,-90.2942,0.1,52.0,20.0,Other,140.0,-90.30000000000001,29.950000000000003,-90.30000000000001_29.950000000000003
366978490,2024-01-01T19:24:16,29.14771,-90.20454,0.0,20.0,93.0,Other,159.68482948553935,-90.22500000000001,29.125,-90.22500000000001_29.125
367704950,2024-01-01T00:44:24,29.93228,-90.34295,8.8,31.0,27.0,Other,153.20329108459325,-90.35000000000001,29.925,-90.35000000000001_29.925
367747070,2024-01-01T01:07:44,29.0203,-89.34034,28.1,60.0,14.0,Passenger,170.43540675488396,-89.35000000000001,29.0,-89.35000000000001_29.0
255992000,2024-01-01T13:47:40,29.99476,-90.43099,10.4,79.0,190.0,Cargo,168.12820279550388,-90.45,29.975,-90.45_29.975
367751160,2024-01-01T04:06:44,29.93442,-89.98743,0.0,31.0,211.0,Cargo,168.2428245529769,-90.0,29.925,-90.0_29.925
367486370,2024-01-01T15:14:46,29.32362,-94.78207,0.0,70.0,44.0,Cargo,161.4345267648619,-94.80000000000001,29.3,-94.80000000000001_29.3
368044470,2024-01-01T20:15:59,29.30746,-94.81863,0.0,52.0,103.0,Tanker,168.12837224705171,-94.825,29.3,-94.825_29.3
367403580,2024-01-01T01:15:04,29.96562,-90.02695,0.1,31.0,115.0,Tanker,148.60697840353612,-90.05000000000001,29.950000000000003,-90.05000000000001_29.950000000000003
366999513,2024-01-01T00:05:31,29.6894,-91.20241,0.0,55.0,22.0,Other,153.42422680822207,-91.22500000000001,29.675,-91.22500000000001_29.675
368093120,2024-01-01T08:36:35,29.70937,-91.53673,4.7,57.0,142.0,Tanker,162.9648406025449,-91.55000000000001,29.700000000000003,-91.55000000000001_29.700000000000003
367422770,2024-01-01T17:37:31,29.9318,-90.3304,1.0,31.0,28.0,Other,140.0,-90.35000000000001,29.925,-90.35000000000001_29.925
367724780,2024-01-01T12:26:29,29.67982,-91.46948,4.7,31.0,302.0,Cargo,163.24202658828585,-91.47500000000001,29.675,-91.47500000000001_29.675
367627320,2024-01-01T22:06:00,29.94783,-91.85209,0.0,90.0,22.0,Other,153.42422680822207,-91.875,29.925,-91.875_29.925
367510430,2024-01-01T11:13:26,29.9365,-90.33468,0.3,52.0,29.0,Other,140.0,-90.35000000000001,29.925,-90.35000000000001_29.925
367625610,2024-01-01T08:36:22,29.94333,-93.86691,0.0,52.0,116.0,Tanker,168.64457989226918,-93.875,29.925,-93.875_29.925
368304090,2024-01-01T06:30:34,29.23697,-89.36173,0.0,70.0,35.0,Cargo,160.44068044350274,-89.375,29.225,-89.375_29.225
367788780,2024-01-01T23:33:57,29.93655,-90.00247,0.1,31.0,120.0,Tanker,148.79181246047625,-90.025,29.925,-90.025_29.925
367007750,2024-01-01T04:18:30,29.84675,-90.02812,0.0,30.0,18.0,Fishing,147.55272505103306,-90.05000000000001,29.825000000000003,-90.05000000000001_29.825000000000003
367581150,2024-01-01T11:29:50,29.31372,-94.786,0.0,31.0,23.0,Other,153.61727836017593,-94.80000000000001,29.3,-94.80000000000001_29.3
367541980,2024-01-01T11:13:42,29.93474,-89.99912,0.0,31.0,146.0,Tanker,169.64352855784438,-90.0,29.925,-90.0_29.925
367561460,2024-01-01T13:09:28,29.99111,-93.93521,0.0,52.0,30.0,Other,154.77121254719663,-93.95,29.975,-93.95_29.975
368101000,2024-01-01T07:20:10,29.64007,-91.11358,0.0,70.0,67.0,Cargo,163.26074802700828,-91.125,29.625,-91.125_29.625
366822520,2024-01-01T07:26:57,29.46757,-94.97029,0.0,40.0,38.0,Other,155.7978359661681,-94.97500000000001,29.450000000000003,-94.97500000000001_29.450000000000003
367144820,2024-01-01T07:45:20,29.1221,-90.2065,0.0,31.0,40.0,Other,156.02059991327963,-90.22500000000001,29.1,-90.22500000000001_29.1
367300090,2024-01-01T04:14:41,29.97174,-90.28194,0.0,60.0,16.0,Passenger,162.04119982655925,-90.30000000000001,29.950000000000003,-90.30000000000001_29.950000000000003
367427270,2024-01-01T14:45:51,29.67837,-91.46692,0.0,31.0,27.0,Other,154.31363764158988,-91.47500000000001,29.675,-91.47500000000001_29.675
367309390,2024-01-01T01:18:10,29.51945,-94.8844,0.0,32.0,37.0,Other,155.68201724066995,-94.9,29.5,-94.9_29.5
367057390,2024-01-01T14:01:14,29.80697,-93.99925,5.4,31.0,217.0,Cargo,163.01247253494466,-94.0,29.8,-94.0_29.8
368000510,2024-01-01T00:43:32,29.69109,-94.15688,6.5,31.0,117.0,Tanker,164.9401257503187,-94.17500000000001,29.675,-94.17500000000001_29.675
368097160,2024-01-01T15:17:20,29.99742,-89.99998,0.1,57.0,146.0,Tanker,149.64352855784438,-90.0,29.975,-90.0_29.975
368021936,2024-01-01T20:08:03,29.12138,-90.20351,0.0,60.0,54.0,Passenger,167.3239375982297,-90.22500000000001,29.1,-90.22500000000001_29.1
368000390,2024-01-01T12:36:01,29.59487,-90.66373,0.0,52.0,14.0,Other,151.46128035678237,-90.67500000000001,29.575000000000003,-90.67500000000001_29.575000000000003
367534590,2024-01-01T05:53:12,29.05633,-90.16965,0.0,99.0,39.0,Other,155.910646070265,-90.17500000000001,29.05,-90.17500000000001_29.05
368116690,2024-01-01T22:10:56,29.52144,-89.71883,0.0,52.0,15.0,Other,151.7609125905568,-89.72500000000001,29.5,-89.72500000000001_29.5
367569030,2024-01-01T16:52:23,29.25522,-88.66188,3.9,90.0,46.0,Other,148.44887045734572,-88.67500000000001,29.25,-88.67500000000001_29.25
366982000,2024-01-01T11:35:24,29.93259,-90.13575,0.0,33.0,124.0,Tanker,168.93421685162235,-90.15,29.925,-90.15_29.925
366709000,2024-01-01T23:43:13,29.3494,-94.73752,0.3,32.0,212.0,Cargo,148.2633586092875,-94.75,29.325000000000003,-94.75_29.325000000000003
367135790,2024-01-01T08:05:50,29.72065,-93.86492,0.0,37.0,18.0,Other,152.55272505103306,-93.875,29.700000000000003,-93.875_29.700000000000003
367660250,2024-01-01T08:44:44,29.91858,-90.14112,0.0,31.0,116.0,Tanker,168.64457989226918,-90.15,29.900000000000002,-90.15_29.900000000000002
368303380,2024-01-01T12:22:57,29.93605,-90.33801,0.2,31.0,19.0,Other,140.0,-90.35000000000001,29.925,-90.35000000000001_29.925
366935060,2024-01-01T20:19:40,29.8403,-93.98672,0.0,31.0,207.0,Cargo,168.15970345456918,-94.0,29.825000000000003,-94.0_29.825000000000003
367136040,2024-01-01T16:44:06,29.31087,-94.78961,0.0,30.0,23.0,Fishing,148.61727836017593,-94.80000000000001,29.3,-94.80000000000001_29.3
368315660,2024-01-01T13:29:30,29.13114,-90.20187,0.0,60.0,56.0,Passenger,167.481880270062,-90.22500000000001,29.125,-90.22500000000001_29.125
367313530,2024-01-01T23:48:41,29.67867,-91.46786,0.0,31.0,15.0,Other,151.7609125905568,-91.47500000000001,29.675,-91.47500000000001_29.675
367512920,2024-01-01T16:56:49,29.82796,-92.00282,4.5,31.0,208.0,Cargo,161.2448836251345,-92.025,29.825000000000003,-92.025_29.825000000000003
368018930,2024-01-01T20:06:49,29.60078,-90.66112,0.0,33.0,44.0,Other,156.4345267648619,-90.67500000000001,29.6,-90.67500000000001_29.6
367713780,2024-01-01T07:45:25,29.72054,-93.86493,0.0,50.0,17.0,Other,152.30448921378274,-93.875,29.700000000000003,-93.875_29.700000000000003
367685720,2024-01-01T19:33:29,29.85085,-93.97146,0.0,31.0,21.0,Other,153.22219294733918,-93.97500000000001,29.85,-93.97500000000001_29.85
366849480,2024-01-01T16:07:51,29.40951,-89.26443,3.2,30.0,25.0,Fishing,140.0,-89.275,29.400000000000002,-89.275_29.400000000000002
367555690,2024-01-01T19:40:28,29.62322,-89.90289,0.0,52.0,18.0,Other,152.55272505103306,-89.92500000000001,29.6,-89.92500000000001_29.6
366954130,2024-01-01T22:22:14,29.9401,-90.36296,0.0,31.0,65.0,Other,158.12913356642855,-90.375,29.925,-90.375_29.925
538010471,2024-01-01T22:01:27,29.29403,-94.54611,0.0,80.0,183.0,Tanker,170.6245108973043,-94.55000000000001,29.275000000000002,-94.55000000000001_29.275000000000002
566739000,2024-01-01T03:09:09,29.42169,-93.71521,0.0,89.0,183.0,Tanker,170.6245108973043,-93.72500000000001,29.400000000000002,-93.72500000000001_29.400000000000002
367777960,2024-01-01T13:24:46,29.69717,-91.21215,0.0,30.0,69.0,Fishing,153.38849090737256,-91.22500000000001,29.675,-91.22500000000001_29.675
368217490,2024-01-01T18:19:51,29.83797,-93.95668,0.0,52.0,26.0,Other,154.14973347970817,-93.97500000000001,29.825000000000003,-93.97500000000001_29.825000000000003
368116270,2024-01-01T16:44:47,29.62403,-94.88679,0.0,33.0,49.0,Other,156.90196080028514,-94.9,29.6,-94.9_29.6
367388450,2024-01-01T19:53:01,29.96652,-90.26325,0.0,31.0,85.0,Other,159.29418925714293,-90.275,29.950000000000003,-90.275_29.950000000000003
366553750,2024-01-01T19:03:39,29.92006,-90.07687,0.0,90.0,26.0,Other,154.14973347970817,-90.10000000000001,29.900000000000002,-90.10000000000001_29.900000000000002
367393020,2024-01-01T13:39:48,29.79781,-92.09591,4.4,31.0,214.0,Cargo,161.17319126321564,-92.10000000000001,29.775000000000002,-92.10000000000001_29.775000000000002
368089370,2024-01-01T01:49:49,29.60286,-89.86647,0.0,30.0,13.0,Fishing,146.13943352306836,-89.875,29.6,-89.875_29.6
636012766,2024-01-01T05:50:41,29.02917,-89.33255,11.7,89.0,214.0,Tanker,172.66785496841513,-89.35000000000001,29.025000000000002,-89.35000000000001_29.025000000000002
366983110,2024-01-01T11:04:35,29.95562,-90.04255,0.1,52.0,32.0,Other,140.0,-90.05000000000001,29.950000000000003,-90.05000000000001_29.950000000000003
367305890,2024-01-01T11:29:02,29.10315,-90.16042,0.2,69.0,49.0,Passenger,146.90196080028514,-90.17500000000001,29.1,-90.17500000000001_29.1
366997820,2024-01-01T15:18:47,29.97187,-90.25212,0.2,31.0,20.0,Other,140.0,-90.275,29.950000000000003,-90.275_29.950000000000003
370638000,2024-01-01T04:39:53,29.28369,-94.59373,11.5,80.0,183.0,Tanker,171.83846770437654,-94.60000000000001,29.275000000000002,-94.60000000000001_29.275000000000002
366806920,2024-01-01T16:29:28,29.98267,-93.81365,6.8,31.0,243.0,Cargo,165.50624099010787,-93.825,29.975,-93.825_29.975
367614560,2024-01-01T10:56:59,29.68547,-91.18626,0.0,90.0,36.0,Other,155.56302500767288,-91.2,29.675,-91.2_29.675
563326000,2024-01-01T19:05:43,28.52098,-94.35381,0.1,80.0,244.0,Tanker,151.8738982633873,-94.375,28.5,-94.375_28.5
367187140,2024-01-01T13:09:19,29.52518,-91.40659,0.0,31.0,16.0,Other,152.04119982655925,-91.42500000000001,29.525000000000002,-91.42500000000001_29.525000000000002
369552000,2024-01-01T22:59:43,29.11394,-90.20393,0.0,30.0,92.0,Fishing,154.63787827345556,-90.22500000000001,29.1,-90.22500000000001_29.1
367006890,2024-01-01T13:02:29,29.85589,-89.97918,5.5,60.0,62.0,Passenger,162.7311706848674,-90.0,29.85,-90.0_29.85
367643140,2024-01-01T18:00:03,29.37215,-89.55286,0.0,68.0,20.0,Passenger,163.0102999566398,-89.575,29.35,-89.575_29.35
367640910,2024-01-01T08:29:22,29.23581,-90.21101,0.0,40.0,42.0,Other,156.232492903979,-90.22500000000001,29.225,-90.22500000000001_29.225
367368850,2024-01-01T20:17:32,29.96155,-90.23888,0.0,52.0,22.0,Other,153.42422680822207,-90.25,29.950000000000003,-90.25_29.950000000000003
367355240,2024-01-01T01:37:09,29.90646,-90.1024,0.0,52.0,24.0,Other,153.80211241711606,-90.125,29.900000000000002,-90.125_29.900000000000002
367509710,2024-01-01T23:07:35,29.29521,-92.56072,7.4,30.0,24.0,Fishing,146.1867468117356,-92.575,29.275000000000002,-92.575_29.275000000000002
367460360,2024-01-01T21:47:33,29.95412,-90.02105,0.0,31.0,18.0,Other,152.55272505103306,-90.025,29.950000000000003,-90.025_29.950000000000003
367682410,2024-01-01T14:40:19,28.95302,-90.57143,0.0,30.0,42.0,Fishing,151.232492903979,-90.575,28.950000000000003,-90.575_28.950000000000003
538009133,2024-01-01T21:43:02,29.33456,-94.57978,0.0,80.0,183.0,Tanker,170.6245108973043,-94.60000000000001,29.325000000000003,-94.60000000000001_29.325000000000003
367001540,2024-01-01T08:26:48,29.60995,-91.25664,0.0,31.0,18.0,Other,152.55272505103306,-91.275,29.6,-91.275_29.6
367796610,2024-01-01T12:02:05,29.32142,-94.63555,8.7,50.0,26.0,Other,152.94011853208053,-94.65,29.3,-94.65_29.3
367005340,2024-01-01T11:16:04,29.99114,-93.93218,6.4,31.0,114.0,Tanker,164.69264799304247,-93.95,29.975,-93.95_29.975
345090009,2024-01-01T13:10:02,29.14651,-90.21305,0.1,79.0,87.0,Cargo,144.39519252618618,-90.22500000000001,29.125,-90.22500000000001_29.125
367767850,2024-01-01T20:44:24,29.67299,-89.9637,0.0,31.0,99.0,Other,159.9563519459755,-89.97500000000001,29.650000000000002,-89.97500000000001_29.650000000000002
367656430,2024-01-01T01:04:45,29.98445,-93.89726,5.5,31.0,20.0,Other,147.81755374652468,-93.9,29.975,-93.9_29.975
367331110,2024-01-01T16:55:23,29.74033,-93.87193,6.9,52.0,32.0,Other,151.82848159794418,-93.875,29.725,-93.875_29.725
338633000,2024-01-01T16:55:16,29.12133,-90.20365,0.0,70.0,68.0,Cargo,163.32508912706237,-90.22500000000001,29.1,-90.22500000000001_29.1
368051000,2024-01-01T10:19:37,29.14262,-90.21229,0.1,60.0,60.0,Passenger,147.78151250383644,-90.22500000000001,29.125,-90.22500000000001_29.125
368144320,2024-01-01T19:00:00,29.70257,-91.5213,4.5,31.0,24.0,Other,146.86636269262294,-91.525,29.700000000000003,-91.525_29.700000000000003
367014420,2024-01-01T17:50:17,28.96948,-89.3688,0.0,52.0,23.0,Other,153.61727836017593,-89.375,28.950000000000003,-89.375_28.950000000000003
367486440,2024-01-01T08:24:52,29.03484,-90.14507,16.8,60.0,53.0,Passenger,171.74894433052515,-90.15,29.025000000000002,-90.15_29.025000000000002
636018910,2024-01-01T01:17:18,29.06512,-89.30411,10.2,70.0,170.0,Cargo,167.47649264902108,-89.325,29.05,-89.325_29.05
368130550,2024-01-01T05:22:28,29.60884,-89.88666,0.0,31.0,20.0,Other,153.0102999566398,-89.9,29.6,-89.9_29.6
368206160,2024-01-01T18:16:39,29.62786,-94.9554,0.0,70.0,47.0,Cargo,161.72097857935717,-94.97500000000001,29.625,-94.97500000000001_29.625
367719770,2024-01-01T21:10:32,29.92748,-89.97116,0.0,60.0,34.0,Passenger,165.31478917042256,-89.97500000000001,29.925,-89.97500000000001_29.925
367711840,2024-01-01T23:46:19,29.84491,-91.86159,0.0,31.0,271.0,Cargo,169.32969290874405,-91.875,29.825000000000003,-91.875_29.825000000000003
367796610,2024-01-01T20:17:57,29.34566,-94.70019,9.3,50.0,26.0,Other,153.51939245078688,-94.72500000000001,29.325000000000003,-94.72500000000001_29.325000000000003
367415840,2024-01-01T17:24:28,29.69559,-94.9163,0.0,52.0,14.0,Other,151.46128035678237,-94.92500000000001,29.675,-94.92500000000001_29.675
367536130,2024-01-01T01:43:14,29.67713,-91.22481,0.0,52.0,17.0,Other,152.30448921378274,-91.22500000000001,29.675,-91.22500000000001_29.675
538008465,2024-01-01T18:21:35,29.17514,-89.26052,9.7,70.0,199.0,Cargo,167.72396544942197,-89.275,29.175,-89.275_29.175
311000223,2024-01-01T20:45:25,29.30192,-89.37102,0.0,80.0,243.0,Tanker,171.85606273598313,-89.375,29.3,-89.375_29.3
368141960,2024-01-01T02:20:03,29.30771,-94.82132,0.0,57.0,120.0,Tanker,168.79181246047625,-94.825,29.3,-94.825_29.3
368077830,2024-01-01T09:22:51,29.92056,-89.95689,0.1,52.0,23.0,Other,140.0,-89.97500000000001,29.900000000000002,-89.97500000000001_29.900000000000002
366896250,2024-01-01T04:05:49,29.72092,-93.86451,0.1,50.0,19.0,Other,140.0,-93.875,29.700000000000003,-93.875_29.700000000000003
367447170,2024-01-01T02:00:03,29.468,-94.96202,0.0,69.0,33.0,Passenger,165.1851393987789,-94.97500000000001,29.450000000000003,-94.97500000000001_29.450000000000003
366970770,2024-01-01T18:03:54,29.91455,-90.07756,0.0,31.0,93.0,Other,159.68482948553935,-90.10000000000001,29.900000000000002,-90.10000000000001_29.900000000000002
367144820,2024-01-01T00:49:51,29.12209,-90.20646,0.0,31.0,40.0,Other,156.02059991327963,-90.22500000000001,29.1,-90.22500000000001_29.1
367582530,2024-01-01T08:16:23,29.2384,-90.0024,0.0,30.0,16.0,Fishing,147.04119982655925,-90.025,29.225,-90.025_29.225
368202360,2024-01-01T23:31:46,29.98645,-90.82658,6.1,52.0,20.0,Other,148.71689665685514,-90.85000000000001,29.975,-90.85000000000001_29.975
367436830,2024-01-01T18:01:27,29.30819,-94.81837,0.0,98.0,47.0,Other,156.72097857935717,-94.825,29.3,-94.825_29.3
367601620,2024-01-01T13:19:59,29.8108,-92.27273,0.3,31.0,170.0,Tanker,150.30448921378274,-92.275,29.8,-92.275_29.8
367097670,2024-01-01T00:39:29,29.65206,-91.26998,5.7,52.0,20.0,Other,148.12779707008963,-91.275,29.650000000000002,-91.275_29.650000000000002
367761740,2024-01-01T08:08:01,29.28583,-94.88715,0.0,70.0,30.0,Cargo,159.77121254719663,-94.9,29.275000000000002,-94.9_29.275000000000002
367638590,2024-01-01T14:47:06,29.61483,-94.95718,6.8,57.0,113.0,Tanker,165.18096268895894,-94.97500000000001,29.6,-94.97500000000001_29.6
311000223,2024-01-01T23:25:23,29.34363,-89.47469,10.2,80.0,243.0,Tanker,172.02806617122147,-89.47500000000001,29.325000000000003,-89.47500000000001_29.325000000000003
538009133,2024-01-01T05:28:02,29.33682,-94.57882,0.0,80.0,183.0,Tanker,170.6245108973043,-94.60000000000001,29.325000000000003,-94.60000000000001_29.325000000000003
367662530,2024-01-01T10:59:39,29.95495,-90.03419,1.8,52.0,24.0,Other,140.0,-90.05000000000001,29.950000000000003,-90.05000000000001_29.950000000000003
368119120,2024-01-01T07:22:42,29.6293,-89.9178,1.7,57.0,212.0,Cargo,152.872337036853,-89.92500000000001,29.625,-89.92500000000001_29.625
368248160,2024-01-01T03:42:52,29.99588,-92.79042,0.0,52.0,18.0,Other,152.55272505103306,-92.80000000000001,29.975,-92.80000000000001_29.975
368286770,2024-01-01T01:31:13,29.6716,-91.13464,0.0,31.0,146.0,Tanker,169.64352855784438,-91.15,29.650000000000002,-91.15_29.650000000000002
367309390,2024-01-01T09:14:50,29.46356,-94.84916,5.9,32.0,37.0,Other,151.09905747351283,-94.85000000000001,29.450000000000003,-94.85000000000001_29.450000000000003
367362520,2024-01-01T11:49:30,29.25602,-89.35877,0.0,60.0,48.0,Passenger,166.81241237375588,-89.375,29.25,-89.375_29.25
258071000,2024-01-01T19:22:30,29.87142,-89.93526,0.0,0.0,200.0,Tanker,171.0102999566398,-89.95,29.85,-89.95_29.85
368022610,2024-01-01T16:07:27,29.82289,-92.13188,0.0,30.0,40.0,Fishing,151.02059991327963,-92.15,29.8,-92.15_29.8
368042170,2024-01-01T01:05:55,29.61051,-89.89067,0.0,57.0,19.0,Other,152.78753600952828,-89.9,29.6,-89.9_29.6
366940860,2024-01-01T18:18:35,29.92337,-91.83753,5.4,31.0,30.0,Other,149.419087743656,-91.85000000000001,29.900000000000002,-91.85000000000001_29.900000000000002
477932400,2024-01-01T11:59:15,29.96311,-90.2851,0.1,89.0,170.0,Tanker,150.30448921378274,-90.30000000000001,29.950000000000003,-90.30000000000001_29.950000000000003
367320490,2024-01-01T08:31:53,29.00765,-91.08504,0.0,90.0,33.0,Other,155.1851393987789,-91.10000000000001,29.0,-91.10000000000001_29.0
367509350,2024-01-01T10:49:55,29.79064,-92.14273,0.1,60.0,42.0,Passenger,146.232492903979,-92.15,29.775000000000002,-92.15_29.775000000000002
232012087,2024-01-01T07:44:48,29.43708,-93.64195,0.0,80.0,228.0,Tanker,171.57934847000453,-93.65,29.425,-93.65_29.425
477351500,2024-01-01T11:15:21,29.4554,-89.62255,9.4,70.0,255.0,Cargo,168.52795887633354,-89.625,29.450000000000003,-89.625_29.450000000000003
367529860,2024-01-01T00:36:43,29.6281,-94.96228,0.2,33.0,70.0,Other,140.0,-94.97500000000001,29.625,-94.97500000000001_29.625
368271240,2024-01-01T03:56:29,29.59534,-90.96962,6.7,31.0,96.0,Other,156.3442083844122,-90.97500000000001,29.575000000000003,-90.97500000000001_29.575000000000003
367614560,2024-01-01T18:46:28,29.68556,-91.18627,0.0,90.0,36.0,Other,155.56302500767288,-91.2,29.675,-91.2_29.675
366884150,2024-01-01T12:14:07,29.31995,-94.78675,0.0,31.0,18.0,Other,152.55272505103306,-94.80000000000001,29.3,-94.80000000000001_29.3
367709190,2024-01-01T08:05:52,29.91517,-90.08879,6.6,31.0,85.0,Other,155.6850679679803,-90.10000000000001,29.900000000000002,-90.10000000000001_29.900000000000002
367474720,2024-01-01T21:02:01,29.95623,-90.30192,0.0,31.0,17.0,Other,152.30448921378274,-90.325,29.950000000000003,-90.325_29.950000000000003
368130550,2024-01-01T17:08:09,29.60884,-89.88665,0.0,31.0,20.0,Other,153.0102999566398,-89.9,29.6,-89.9_29.6
368119110,2024-01-01T14:53:29,29.94398,-90.3847,0.1,52.0,28.0,Other,140.0,-90.4,29.925,-90.4_29.925
368052910,2024-01-01T20:20:47,29.86823,-89.97365,3.9,31.0,17.0,Other,144.12578135431272,-89.97500000000001,29.85,-89.97500000000001_29.85
367500230,2024-01-01T20:03:28,29.2401,-90.2091,0.0,90.0,39.0,Other,155.910646070265,-90.22500000000001,29.225,-90.22500000000001_29.225
366997760,2024-01-01T10:05:59,29.93445,-90.14152,0.1,31.0,139.0,Tanker,149.43014800254096,-90.15,29.925,-90.15_29.925
367475360,2024-01-01T21:16:11,29.90292,-93.89836,4.9,52.0,16.0,Other,145.84512142712953,-93.9,29.900000000000002,-93.9_29.900000000000002
368004560,2024-01-01T17:00:00,29.5734,-89.80219,0.0,30.0,21.0,Fishing,148.22219294733918,-89.825,29.55,-89.825_29.55
636014524,2024-01-01T12:17:29,29.72407,-89.99169,0.3,79.0,190.0,Cargo,147.78753600952828,-90.0,29.700000000000003,-90.0_29.700000000000003
368000510,2024-01-01T02:52:46,29.59418,-94.38316,5.9,31.0,117.0,Tanker,164.0988988503045,-94.4,29.575000000000003,-94.4_29.575000000000003
367337690,2024-01-01T18:04:47,29.2949,-94.85699,0.0,60.0,33.0,Passenger,165.1851393987789,-94.875,29.275000000000002,-94.875_29.275000000000002
367459110,2024-01-01T14:36:13,29.94531,-90.30599,0.0,31.0,233.0,Cargo,168.67355921026018,-90.325,29.925,-90.325_29.925
366968740,2024-01-01T05:37:59,29.27006,-89.33837,24.3,30.0,15.0,Fishing,154.47303806252305,-89.35000000000001,29.25,-89.35000000000001_29.25
367584510,2024-01-01T05:55:59,29.97306,-93.84747,0.0,31.0,25.0,Other,153.97940008672037,-93.85000000000001,29.950000000000003,-93.85000000000001_29.950000000000003
367637970,2024-01-01T08:57:10,29.96464,-90.39805,0.0,52.0,26.0,Other,154.14973347970817,-90.4,29.950000000000003,-90.4_29.950000000000003
367646390,2024-01-01T22:52:25,29.84897,-90.02493,0.0,31.0,19.0,Other,152.78753600952828,-90.025,29.825000000000003,-90.025_29.825000000000003
367422220,2024-01-01T06:29:52,29.25126,-90.20991,0.0,90.0,64.0,Other,158.06179973983888,-90.22500000000001,29.25,-90.22500000000001_29.25
636091971,2024-01-01T00:49:02,28.75394,-93.75194,16.0,84.0,155.0,Tanker,173.98571663482142,-93.775,28.75,-93.775_28.75
368022770,2024-01-01T18:16:58,29.57179,-94.2231,0.1,33.0,19.0,Other,140.0,-94.22500000000001,29.55,-94.22500000000001_29.55
367005970,2024-01-01T14:29:43,29.83449,-90.04823,0.0,52.0,21.0,Other,153.22219294733918,-90.05000000000001,29.825000000000003,-90.05000000000001_29.825000000000003
367662530,2024-01-01T07:13:41,29.86655,-89.92416,5.5,52.0,24.0,Other,148.60936620700093,-89.92500000000001,29.85,-89.92500000000001_29.85
367569850,2024-01-01T03:15:34,29.27025,-89.0323,0.2,7.0,30.0,Other,140.0,-89.05000000000001,29.25,-89.05000000000001_29.25
369638000,2024-01-01T02:12:36,29.14807,-90.20298,0.0,70.0,52.0,Cargo,162.160033436348,-90.22500000000001,29.125,-90.22500000000001_29.125
367535540,2024-01-01T12:28:34,29.3565,-89.30053,0.0,31.0,20.0,Other,153.0102999566398,-89.325,29.35,-89.325_29.35
368099320,2024-01-01T00:59:15,29.74502,-94.07921,5.4,57.0,209.0,Cargo,162.84933805756992,-94.10000000000001,29.725,-94.10000000000001_29.725
566739000,2024-01-01T05:42:10,29.42186,-93.71494,0.0,89.0,183.0,Tanker,170.6245108973043,-93.72500000000001,29.400000000000002,-93.72500000000001_29.400000000000002
367001580,2024-01-01T11:41:11,29.24642,-90.66323,0.0,31.0,20.0,Other,153.0102999566398,-90.67500000000001,29.225,-90.67500000000001_29.225
367002580,2024-01-01T23:58:24,29.78984,-93.32378,0.0,31.0,22.0,Other,153.42422680822207,-93.325,29.775000000000002,-93.325_29.775000000000002
565949000,2024-01-01T04:23:48,29.40598,-93.71032,3.3,88.0,244.0,Tanker,162.24417706094505,-93.72500000000001,29.400000000000002,-93.72500000000001_29.400000000000002
303411000,2024-01-01T17:34:51,29.31214,-94.80411,0.0,70.0,47.0,Cargo,161.72097857935717,-94.825,29.3,-94.825_29.3
368173190,2024-01-01T11:59:59,29.66569,-94.97394,6.3,57.0,119.0,Tanker,164.74228060299694,-94.97500000000001,29.650000000000002,-94.97500000000001_29.650000000000002
367702080,2024-01-01T08:33:53,29.62599,-89.90668,0.0,31.0,35.0,Other,155.44068044350274,-89.92500000000001,29.625,-89.92500000000001_29.625
366992040,2024-01-01T20:18:37,29.26331,-89.35911,0.0,52.0,21.0,Other,153.22219294733918,-89.375,29.25,-89.375_29.25
305536000,2024-01-01T01:56:07,28.34651,-88.04716,14.6,70.0,139.0,Cargo,169.7172051182297,-88.05000000000001,28.325000000000003,-88.05000000000001_28.325000000000003
538009338,2024-01-01T04:35:41,29.88189,-89.95432,0.0,82.0,147.0,Tanker,169.67317334748176,-89.97500000000001,29.875,-89.97500000000001_29.875
366997410,2024-01-01T16:42:02,28.94437,-89.40597,0.0,31.0,16.0,Other,152.04119982655925,-89.42500000000001,28.925,-89.42500000000001_28.925
367739320,2024-01-01T16:59:29,29.40671,-94.74177,0.0,31.0,27.0,Other,154.31363764158988,-94.75,29.400000000000002,-94.75_29.400000000000002
367771970,2024-01-01T20:47:53,29.14571,-90.21116,0.0,60.0,61.0,Passenger,167.85329835010768,-90.22500000000001,29.125,-90.22500000000001_29.125
368067520,2024-01-01T02:19:48,28.69662,-89.396,0.0,3.0,46.0,Other,156.62757831681574,-89.4,28.675,-89.4_28.675
338168501,2024-01-01T23:24:27,29.68179,-94.9845,0.0,51.0,21.0,Other,153.22219294733918,-95.0,29.675,-95.0_29.675
366884150,2024-01-01T06:20:18,29.31996,-94.78677,0.0,31.0,18.0,Other,152.55272505103306,-94.80000000000001,29.3,-94.80000000000001_29.3
368257150,2024-01-01T14:49:39,29.99358,-93.93983,5.6,31.0,30.0,Other,149.73497308732064,-93.95,29.975,-93.95_29.975
367005220,2024-01-01T22:30:07,29.65296,-91.26112,5.7,57.0,205.0,Cargo,163.23503572400736,-91.275,29.650000000000002,-91.275_29.650000000000002
367536120,2024-01-01T15:29:07,29.68508,-91.15096,0.0,31.0,26.0,Other,154.14973347970817,-91.17500000000001,29.675,-91.17500000000001_29.675
368001440,2024-01-01T16:28:29,29.3138,-94.77917,0.0,50.0,26.0,Other,154.14973347970817,-94.80000000000001,29.3,-94.80000000000001_29.3
367505050,2024-01-01T09:21:17,29.36846,-94.89084,0.0,31.0,118.0,Tanker,168.71882007306127,-94.9,29.35,-94.9_29.35
367379810,2024-01-01T20:59:49,29.93643,-90.33701,0.0,31.0,21.0,Other,153.22219294733918,-90.35000000000001,29.925,-90.35000000000001_29.925
538006763,2024-01-01T16:26:15,29.93888,-90.31994,0.1,82.0,184.0,Tanker,150.64817823009537,-90.325,29.925,-90.325_29.925
366304000,2024-01-01T23:25:05,29.65375,-91.12293,0.0,37.0,106.0,Tanker,168.2530586526477,-91.125,29.650000000000002,-91.125_29.650000000000002
367164240,2024-01-01T17:31:07,29.96664,-93.8585,0.0,52.0,28.0,Other,154.47158031342218,-93.875,29.950000000000003,-93.875_29.950000000000003
368219290,2024-01-01T20:56:31,29.37603,-94.87118,0.0,31.0,26.0,Other,154.14973347970817,-94.875,29.375,-94.875_29.375
538006344,2024-01-01T10:11:05,28.63618,-94.30594,0.0,80.0,256.0,Tanker,172.0823996531185,-94.325,28.625,-94.325_28.625
368124380,2024-01-01T15:27:20,29.5028,-94.54926,1.7,31.0,24.0,Other,140.0,-94.55000000000001,29.5,-94.55000000000001_29.5
368033530,2024-01-01T17:29:26,29.98512,-93.33472,7.4,52.0,15.0,Other,149.14554698517634,-93.35000000000001,29.975,-93.35000000000001_29.975
367059310,2024-01-01T17:44:58,29.36501,-94.89026,0.0,31.0,206.0,Cargo,168.13867220369153,-94.9,29.35,-94.9_29.35
367430050,2024-01-01T18:27:14,29.92794,-92.95763,6.5,31.0,28.0,Other,150.72984744627928,-92.97500000000001,29.925,-92.97500000000001_29.925
367631890,2024-01-01T06:29:29,29.91897,-90.0796,0.0,31.0,166.0,Tanker,170.20108088040055,-90.10000000000001,29.900000000000002,-90.10000000000001_29.900000000000002
367767480,2024-01-01T13:50:54,29.31227,-94.80266,0.0,60.0,32.0,Passenger,165.05149978319906,-94.825,29.3,-94.825_29.3
367151180,2024-01-01T04:03:09,29.2575,-89.36149,0.0,31.0,20.0,Other,153.0102999566398,-89.375,29.25,-89.375_29.25
367125970,2024-01-01T20:35:55,29.46195,-89.27987,6.3,30.0,29.0,Fishing,145.6107909680612,-89.30000000000001,29.450000000000003,-89.30000000000001_29.450000000000003
338439177,2024-01-01T15:48:59,29.63332,-93.96256,0.9,59.0,8.0,Other,140.0,-93.97500000000001,29.625,-93.97500000000001_29.625
367507070,2024-01-01T20:31:31,29.40829,-94.73979,0.0,31.0,27.0,Other,154.31363764158988,-94.75,29.400000000000002,-94.75_29.400000000000002
367007750,2024-01-01T19:37:40,29.85953,-90.06541,0.0,30.0,18.0,Fishing,147.55272505103306,-90.075,29.85,-90.075_29.85
367139590,2024-01-01T01:51:58,29.27838,-94.7001,0.0,52.0,172.0,Tanker,170.35528446907549,-94.72500000000001,29.275000000000002,-94.72500000000001_29.275000000000002
367053160,2024-01-01T13:49:03,29.27741,-94.85466,0.0,67.0,48.0,Passenger,166.81241237375588,-94.875,29.275000000000002,-94.875_29.275000000000002
538009380,2024-01-01T18:23:58,29.25698,-94.49795,0.1,80.0,180.0,Tanker,150.55272505103306,-94.5,29.25,-94.5_29.25
367346050,2024-01-01T13:28:55,29.54749,-90.69378,0.0,34.0,60.0,Other,157.78151250383644,-90.7,29.525000000000002,-90.7_29.525000000000002
367008680,2024-01-01T00:43:03,29.65554,-91.25376,6.8,52.0,13.0,Other,147.7896117771931,-91.275,29.650000000000002,-91.275_29.650000000000002
366921080,2024-01-01T02:57:13,29.9557,-90.04306,0.0,52.0,32.0,Other,155.05149978319906,-90.05000000000001,29.950000000000003,-90.05000000000001_29.950000000000003
368286790,2024-01-01T22:37:43,29.65812,-91.1007,0.0,52.0,25.0,Other,153.97940008672037,-91.125,29.650000000000002,-91.125_29.650000000000002
367579920,2024-01-01T19:17:36,29.92158,-89.97003,0.1,31.0,115.0,Tanker,148.60697840353612,-89.97500000000001,29.900000000000002,-89.97500000000001_29.900000000000002
338313264,2024-01-01T01:05:29,29.31913,-94.77512,0.0,37.0,11.0,Other,150.41392685158226,-94.80000000000001,29.3,-94.80000000000001_29.3
367672720,2024-01-01T07:16:35,29.39345,-91.76382,0.1,60.0,30.0,Passenger,144.77121254719663,-91.775,29.375,-91.775_29.375
367388450,2024-01-01T19:37:41,29.96651,-90.26324,0.0,31.0,85.0,Other,159.29418925714293,-90.275,29.950000000000003,-90.275_29.950000000000003
368139440,2024-01-01T21:00:06,29.46785,-94.96202,0.0,69.0,33.0,Passenger,165.1851393987789,-94.97500000000001,29.450000000000003,-94.97500000000001_29.450000000000003
367691280,2024-01-01T09:01:25,29.12543,-90.21651,0.0,70.0,76.0,Cargo,163.8081359228079,-90.22500000000001,29.125,-90.22500000000001_29.125
367517730,2024-01-01T23:24:01,29.37567,-94.8923,0.0,31.0,27.0,Other,154.31363764158988,-94.9,29.375,-94.9_29.375
366884150,2024-01-01T03:19:49,29.31995,-94.78677,0.0,31.0,18.0,Other,152.55272505103306,-94.80000000000001,29.3,-94.80000000000001_29.3
367381320,2024-01-01T16:38:13,29.90539,-90.10908,0.0,52.0,25.0,Other,153.97940008672037,-90.125,29.900000000000002,-90.125_29.900000000000002
366997920,2024-01-01T17:42:10,29.72285,-91.21399,0.3,31.0,329.0,Cargo,150.17195897949975,-91.22500000000001,29.700000000000003,-91.22500000000001_29.700000000000003
367014390,2024-01-01T16:12:53,28.96904,-89.3677,0.1,52.0,20.0,Other,140.0,-89.375,28.950000000000003,-89.375_28.950000000000003
367713780,2024-01-01T22:23:01,29.72063,-93.86493,0.0,50.0,17.0,Other,152.30448921378274,-93.875,29.700000000000003,-93.875_29.700000000000003
368150730,2024-01-01T17:47:23,29.68331,-91.2776,0.0,57.0,14.0,Other,151.46128035678237,-91.30000000000001,29.675,-91.30000000000001_29.675
367162740,2024-01-01T18:11:50,29.87842,-89.8994,0.2,31.0,16.0,Other,140.0,-89.9,29.875,-89.9_29.875
366999615,2024-01-01T01:10:15,29.26518,-89.95795,0.0,51.0,26.0,Other,154.14973347970817,-89.97500000000001,29.25,-89.97500000000001_29.25
367430850,2024-01-01T21:34:43,29.22983,-91.5099,0.1,31.0,33.0,Other,140.0,-91.525,29.225,-91.525_29.225
367456950,2024-01-01T22:08:44,29.84757,-90.02698,0.0,31.0,207.0,Cargo,168.15970345456918,-90.05000000000001,29.825000000000003,-90.05000000000001_29.825000000000003
367391930,2024-01-01T14:43:04,29.38685,-92.38403,0.4,31.0,24.0,Other,140.0,-92.4,29.375,-92.4_29.375
367053160,2024-01-01T03:22:00,29.27746,-94.85469,0.0,67.0,48.0,Passenger,166.81241237375588,-94.875,29.275000000000002,-94.875_29.275000000000002
368106490,2024-01-01T08:44:13,29.91759,-90.13737,4.0,57.0,141.0,Tanker,161.53339095311304,-90.15,29.900000000000002,-90.15_29.900000000000002
368400000,2024-01-01T05:58:49,29.14693,-90.20865,0.0,70.0,106.0,Cargo,165.2530586526477,-90.22500000000001,29.125,-90.22500000000001_29.125
563077600,2024-01-01T01:37:44,28.3723,-93.11747,12.1,80.0,149.0,Tanker,171.38757009045176,-93.125,28.35,-93.125_28.35
378111942,2024-01-01T04:07:19,29.27726,-94.84965,0.0,37.0,33.0,Other,155.1851393987789,-94.85000000000001,29.275000000000002,-94.85000000000001_29.275000000000002
367697440,2024-01-01T02:29:05,29.13878,-90.19572,0.0,99.0,87.0,Other,159.39519252618618,-90.2,29.125,-90.2_29.125
367631990,2024-01-01T12:35:19,29.96158,-90.23812,5.5,52.0,19.0,Other,147.59478979941315,-90.25,29.950000000000003,-90.25_29.950000000000003
367001310,2024-01-01T07:29:04,29.33329,-90.2414,0.0,90.0,12.0,Other,150.79181246047625,-90.25,29.325000000000003,-90.25_29.325000000000003
367456860,2024-01-01T21:46:10,29.90893,-90.1057,7.5,31.0,115.0,Tanker,166.10820367137012,-90.125,29.900000000000002,-90.125_29.900000000000002
367398940,2024-01-01T07:28:39,29.79172,-91.31232,0.0,52.0,20.0,Other,153.0102999566398,-91.325,29.775000000000002,-91.325_29.775000000000002
367001580,2024-01-01T22:43:09,29.24635,-90.66318,0.1,31.0,20.0,Other,140.0,-90.67500000000001,29.225,-90.67500000000001_29.225
366954190,2024-01-01T02:05:59,29.85653,-89.97385,0.0,31.0,64.0,Other,158.06179973983888,-89.97500000000001,29.85,-89.97500000000001_29.85
378111942,2024-01-01T21:47:28,29.27727,-94.84965,0.0,37.0,33.0,Other,155.1851393987789,-94.85000000000001,29.275000000000002,-94.85000000000001_29.275000000000002
367503580,2024-01-01T09:25:42,29.82048,-93.97192,0.0,31.0,192.0,Tanker,170.8330122870355,-93.97500000000001,29.8,-93.97500000000001_29.8
367501660,2024-01-01T09:39:29,29.92662,-90.19979,0.0,31.0,117.0,Tanker,168.68185861746161,-90.2,29.925,-90.2_29.925
367364280,2024-01-01T21:16:29,29.37408,-89.51222,0.0,31.0,16.0,Other,152.04119982655925,-89.525,29.35,-89.525_29.35
338448356,2024-01-01T20:01:10,29.28463,-94.85618,0.0,37.0,14.0,Other,151.46128035678237,-94.875,29.275000000000002,-94.875_29.275000000000002
367755990,2024-01-01T21:52:05,29.9399,-91.84653,0.0,33.0,47.0,Other,156.72097857935717,-91.85000000000001,29.925,-91.85000000000001_29.925
368067520,2024-01-01T09:48:18,28.69661,-89.39598,0.0,3.0,46.0,Other,156.62757831681574,-89.4,28.675,-89.4_28.675
367007770,2024-01-01T11:31:28,29.15278,-89.34448,0.0,52.0,20.0,Other,153.0102999566398,-89.35000000000001,29.150000000000002,-89.35000000000001_29.150000000000002
366919170,2024-01-01T20:14:45,29.96551,-90.26993,0.0,31.0,38.0,Other,155.7978359661681,-90.275,29.950000000000003,-90.275_29.950000000000003
367075110,2024-01-01T16:28:41,29.59412,-94.38631,3.6,31.0,201.0,Cargo,159.15801058955066,-94.4,29.575000000000003,-94.4_29.575000000000003
368339520,2024-01-01T16:07:44,29.52732,-93.70088,2.2,30.0,30.0,Fishing,140.0,-93.72500000000001,29.525000000000002,-93.72500000000001_29.525000000000002
367474790,2024-01-01T17:38:44,29.93682,-90.35269,6.5,31.0,21.0,Other,149.48046008019628,-90.375,29.925,-90.375_29.925
366304000,2024-01-01T18:43:01,29.65375,-91.12295,0.0,37.0,106.0,Tanker,168.2530586526477,-91.125,29.650000000000002,-91.125_29.650000000000002
367498910,2024-01-01T05:29:27,29.59916,-90.67198,0.0,52.0,22.0,Other,153.42422680822207,-90.67500000000001,29.575000000000003,-90.67500000000001_29.575000000000003
367138450,2024-01-01T08:06:04,29.37727,-94.87168,0.0,31.0,27.0,Other,154.31363764158988,-94.875,29.375,-94.875_29.375
367602540,2024-01-01T03:23:02,29.68631,-91.16687,0.0,60.0,63.0,Passenger,167.9934054945358,-91.17500000000001,29.675,-91.17500000000001_29.675
367331070,2024-01-01T20:56:15,29.74153,-93.86597,0.0,31.0,30.0,Other,154.77121254719663,-93.875,29.725,-93.875_29.725
366983080,2024-01-01T13:52:05,29.91839,-90.08155,0.0,52.0,32.0,Other,155.05149978319906,-90.10000000000001,29.900000000000002,-90.10000000000001_29.900000000000002
367690000,2024-01-01T07:34:41,29.00591,-89.35255,10.2,52.0,184.0,Tanker,170.8201816653337,-89.375,29.0,-89.375_29.0
636093111,2024-01-01T14:43:01,29.3992,-93.62693,7.5,89.0,183.0,Tanker,168.1257361651383,-93.65,29.375,-93.65_29.375
367001950,2024-01-01T22:00:08,29.69231,-91.2101,0.0,31.0,20.0,Other,153.0102999566398,-91.22500000000001,29.675,-91.22500000000001_29.675
338373465,2024-01-01T05:49:16,29.28414,-94.85755,0.0,37.0,20.0,Other,153.0102999566398,-94.875,29.275000000000002,-94.875_29.275000000000002
367045970,2024-01-01T21:16:43,29.80966,-92.27012,1.7,31.0,314.0,Cargo,154.57827490829763,-92.275,29.8,-92.275_29.8
636012766,2024-01-01T06:01:10,29.05883,-89.31102,12.2,89.0,214.0,Tanker,173.03133434698685,-89.325,29.05,-89.325_29.05
366999713,2024-01-01T22:58:27,28.9539,-91.14954,19.2,55.0,26.0,Other,159.81575805377918,-91.15,28.950000000000003,-91.15_28.950000000000003
367458770,2024-01-01T06:26:02,29.21287,-90.64494,0.0,31.0,16.0,Other,152.04119982655925,-90.65,29.200000000000003,-90.65_29.200000000000003
366996630,2024-01-01T05:41:59,29.47563,-94.62443,4.5,31.0,204.0,Cargo,161.16055194976587,-94.625,29.475,-94.625_29.475
367457250,2024-01-01T12:37:35,29.31164,-94.78955,0.0,50.0,22.0,Other,153.42422680822207,-94.80000000000001,29.3,-94.80000000000001_29.3
367444940,2024-01-01T03:52:26,29.79197,-92.14356,0.0,69.0,49.0,Passenger,166.90196080028514,-92.15,29.775000000000002,-92.15_29.775000000000002
368077830,2024-01-01T21:32:31,29.79112,-90.06492,3.6,52.0,23.0,Other,144.74332837552168,-90.075,29.775000000000002,-90.075_29.775000000000002
367728740,2024-01-01T03:55:39,29.94337,-92.89719,4.6,31.0,257.0,Cargo,162.35448786694442,-92.9,29.925,-92.9_29.925
367472580,2024-01-01T15:55:40,29.91792,-90.08276,0.0,52.0,27.0,Other,154.31363764158988,-90.10000000000001,29.900000000000002,-90.10000000000001_29.900000000000002
367057380,2024-01-01T18:54:59,29.93805,-90.18038,0.0,31.0,19.0,Other,152.78753600952828,-90.2,29.925,-90.2_29.925
367704590,2024-01-01T19:52:15,29.96514,-90.23372,0.0,31.0,24.0,Other,153.80211241711606,-90.25,29.950000000000003,-90.25_29.950000000000003
367702490,2024-01-01T01:47:44,29.94021,-90.17837,0.0,52.0,22.0,Other,153.42422680822207,-90.2,29.925,-90.2_29.925
538008465,2024-01-01T04:41:11,29.67376,-89.96377,0.1,70.0,199.0,Cargo,147.98853076409708,-89.97500000000001,29.650000000000002,-89.97500000000001_29.650000000000002
367413340,2024-01-01T14:30:58,29.99564,-90.00963,0.1,52.0,17.0,Other,140.0,-90.025,29.975,-90.025_29.975
367526740,2024-01-01T16:45:42,29.76508,-91.73913,0.0,52.0,26.0,Other,154.14973347970817,-91.75,29.75,-91.75_29.75
368055920,2024-01-01T02:45:10,29.9245,-90.06077,1.2,52.0,144.0,Tanker,151.167249841905,-90.075,29.900000000000002,-90.075_29.900000000000002
367411940,2024-01-01T21:43:43,29.18326,-88.73695,0.0,60.0,40.0,Passenger,166.02059991327963,-88.75,29.175,-88.75_29.175
367526550,2024-01-01T23:43:24,29.95326,-92.86632,3.2,30.0,146.0,Fishing,146.7465281242425,-92.875,29.950000000000003,-92.875_29.950000000000003
367165570,2024-01-01T04:07:44,29.73837,-93.33988,11.1,52.0,33.0,Other,156.09159897451204,-93.35000000000001,29.725,-93.35000000000001_29.725
366961250,2024-01-01T21:57:05,29.8528,-90.06315,0.1,52.0,22.0,Other,140.0,-90.075,29.85,-90.075_29.85
367362520,2024-01-01T07:35:50,29.25602,-89.35877,0.0,60.0,48.0,Passenger,166.81241237375588,-89.375,29.25,-89.375_29.25
368169060,2024-01-01T03:20:49,29.8329,-91.82802,6.0,57.0,206.0,Cargo,163.7016972113644,-91.85000000000001,29.825000000000003,-91.85000000000001_29.825000000000003
477854700,2024-01-01T23:28:09,29.29939,-94.56082,0.1,80.0,183.0,Tanker,150.6245108973043,-94.575,29.275000000000002,-94.575_29.275000000000002
366920840,2024-01-01T05:11:33,29.94631,-90.0058,0.1,30.0,17.0,Fishing,140.0,-90.025,29.925,-90.025_29.925
367460360,2024-01-01T00:02:13,29.82486,-90.06151,0.0,31.0,18.0,Other,152.55272505103306,-90.075,29.8,-90.075_29.8
367002270,2024-01-01T06:23:43,29.96609,-90.26824,0.0,52.0,17.0,Other,152.30448921378274,-90.275,29.950000000000003,-90.275_29.950000000000003
338628000,2024-01-01T21:30:45,28.41343,-90.18924,8.7,90.0,56.0,Other,156.27226532243435,-90.2,28.400000000000002,-90.2_28.400000000000002
538006979,2024-01-01T19:48:20,28.18356,-94.41642,12.6,80.0,228.0,Tanker,173.5867593723558,-94.42500000000001,28.175,-94.42500000000001_28.175
367014420,2024-01-01T14:42:25,28.96948,-89.3688,0.0,52.0,23.0,Other,153.61727836017593,-89.375,28.950000000000003,-89.375_28.950000000000003
368000510,2024-01-01T00:27:59,29.70851,-94.1318,6.4,31.0,117.0,Tanker,164.80545809713936,-94.15,29.700000000000003,-94.15_29.700000000000003
367615990,2024-01-01T20:23:08,29.31459,-94.77875,0.0,90.0,29.0,Other,154.62397997898955,-94.80000000000001,29.3,-94.80000000000001_29.3
367561870,2024-01-01T02:20:08,29.92447,-90.20677,0.0,52.0,27.0,Other,154.31363764158988,-90.22500000000001,29.900000000000002,-90.22500000000001_29.900000000000002
368207090,2024-01-01T06:50:33,28.90396,-89.42494,0.3,50.0,18.0,Other,140.0,-89.42500000000001,28.900000000000002,-89.42500000000001_28.900000000000002
367028910,2024-01-01T00:15:43,29.54472,-90.69995,0.0,31.0,34.0,Other,155.31478917042256,-90.7,29.525000000000002,-90.7_29.525000000000002
368335980,2024-01-01T12:22:21,29.57263,-90.57755,6.1,52.0,18.0,Other,148.2593217512484,-90.60000000000001,29.55,-90.60000000000001_29.55
368341080,2024-01-01T02:25:25,29.75994,-91.63046,4.5,0.0,24.0,Other,146.86636269262294,-91.65,29.75,-91.65_29.75
368289350,2024-01-01T20:05:54,29.63283,-89.91809,0.0,52.0,81.0,Other,159.0848501887865,-89.92500000000001,29.625,-89.92500000000001_29.625
368252160,2024-01-01T15:36:50,29.95551,-90.29633,0.2,31.0,20.0,Other,140.0,-90.30000000000001,29.950000000000003,-90.30000000000001_29.950000000000003
367496150,2024-01-01T10:40:31,29.9687,-93.85986,0.0,31.0,8.0,Other,150.0,-93.875,29.950000000000003,-93.875_29.950000000000003
566267000,2024-01-01T00:56:17,29.83102,-89.99792,0.0,79.0,229.0,Cargo,168.5983548233989,-90.0,29.825000000000003,-90.0_29.825000000000003
367129610,2024-01-01T12:07:29,29.97173,-90.39903,0.0,52.0,52.0,Other,157.160033436348,-90.4,29.950000000000003,-90.4_29.950000000000003
367654520,2024-01-01T20:59:36,29.95819,-90.39206,0.0,31.0,116.0,Tanker,168.64457989226918,-90.4,29.950000000000003,-90.4_29.950000000000003
369970937,2024-01-01T04:50:37,29.72264,-91.20803,0.0,37.0,0.0,Other,160.0,-91.22500000000001,29.700000000000003,-91.22500000000001_29.700000000000003
367057410,2024-01-01T12:03:31,29.98962,-90.022,0.0,31.0,214.0,Cargo,168.3041377334919,-90.025,29.975,-90.025_29.975
368021310,2024-01-01T22:52:06,29.64517,-91.09538,0.0,31.0,60.0,Other,157.78151250383644,-91.10000000000001,29.625,-91.10000000000001_29.625
338457428,2024-01-01T21:07:55,29.24934,-89.36101,0.0,37.0,14.0,Other,151.46128035678237,-89.375,29.225,-89.375_29.225
636018221,2024-01-01T11:48:45,29.23861,-94.4509,0.0,70.0,199.0,Cargo,167.98853076409708,-94.47500000000001,29.225,-94.47500000000001_29.225
338024391,2024-01-01T21:58:44,29.51806,-94.8863,5.2,99.0,8.0,Other,144.32006687269597,-94.9,29.5,-94.9_29.5
209156000,2024-01-01T02:17:56,29.79816,-90.00828,11.7,79.0,171.0,Cargo,168.69367833884476,-90.025,29.775000000000002,-90.025_29.775000000000002
367304260,2024-01-01T17:14:54,29.61027,-94.94348,0.2,31.0,17.0,Other,140.0,-94.95,29.6,-94.95_29.6
366748650,2024-01-01T13:58:02,29.25542,-89.35569,0.0,60.0,44.0,Passenger,166.4345267648619,-89.375,29.25,-89.375_29.25
367638150,2024-01-01T18:26:58,29.67106,-89.95698,0.7,31.0,471.0,Cargo,151.73020907128895,-89.97500000000001,29.650000000000002,-89.97500000000001_29.650000000000002
366995910,2024-01-01T02:09:27,29.99645,-93.91549,0.0,52.0,21.0,Other,153.22219294733918,-93.92500000000001,29.975,-93.92500000000001_29.975
371478000,2024-01-01T17:52:54,29.41658,-93.6984,0.0,70.0,200.0,Cargo,168.0102999566398,-93.7,29.400000000000002,-93.7_29.400000000000002
311050800,2024-01-01T08:07:56,28.91525,-89.42252,10.9,60.0,325.0,Passenger,175.8673635686012,-89.42500000000001,28.900000000000002,-89.42500000000001_28.900000000000002
368112350,2024-01-01T12:11:39,29.61019,-89.88962,0.0,52.0,67.0,Other,158.26074802700828,-89.9,29.6,-89.9_29.6
367585170,2024-01-01T23:28:08,29.99488,-93.91159,0.1,31.0,116.0,Tanker,148.64457989226918,-93.92500000000001,29.975,-93.92500000000001_29.975
338129197,2024-01-01T06:07:11,29.29495,-94.91825,0.0,37.0,12.0,Other,150.79181246047625,-94.92500000000001,29.275000000000002,-94.92500000000001_29.275000000000002
367600750,2024-01-01T01:47:39,29.8179,-93.98084,1.0,31.0,205.0,Cargo,148.11753861055755,-94.0,29.8,-94.0_29.8
367744130,2024-01-01T05:39:38,29.92554,-90.14176,0.0,79.0,17.0,Cargo,157.30448921378274,-90.15,29.925,-90.15_29.925
367028750,2024-01-01T09:16:34,29.41523,-94.73229,5.5,52.0,18.0,Other,147.35997884091793,-94.75,29.400000000000002,-94.75_29.400000000000002
367631990,2024-01-01T11:17:00,29.96195,-90.23936,0.0,52.0,19.0,Other,152.78753600952828,-90.25,29.950000000000003,-90.25_29.950000000000003
368061000,2024-01-01T13:29:58,29.11326,-90.19626,0.0,90.0,49.0,Other,156.90196080028514,-90.2,29.1,-90.2_29.1
367627770,2024-01-01T12:04:33,29.93937,-90.00718,0.0,31.0,27.0,Other,154.31363764158988,-90.025,29.925,-90.025_29.925
367751160,2024-01-01T10:13:54,29.93441,-89.98743,0.0,31.0,211.0,Cargo,168.2428245529769,-90.0,29.925,-90.0_29.925
366947510,2024-01-01T10:07:14,29.90353,-90.08186,0.0,52.0,62.0,Other,157.92391689498254,-90.10000000000001,29.900000000000002,-90.10000000000001_29.900000000000002
538009351,2024-01-01T14:58:59,29.6373,-89.92693,0.0,70.0,199.0,Cargo,167.98853076409708,-89.95,29.625,-89.95_29.625
367505060,2024-01-01T17:18:37,29.99297,-93.93981,0.0,31.0,28.0,Other,154.47158031342218,-93.95,29.975,-93.95_29.975
367660250,2024-01-01T10:48:14,29.91856,-90.14111,0.0,31.0,116.0,Tanker,168.64457989226918,-90.15,29.900000000000002,-90.15_29.900000000000002
366940860,2024-01-01T11:03:44,29.63891,-91.11676,5.0,31.0,30.0,Other,148.750612633917,-91.125,29.625,-91.125_29.625
367014390,2024-01-01T08:57:44,28.96903,-89.3677,0.1,52.0,20.0,Other,140.0,-89.375,28.950000000000003,-89.375_28.950000000000003
368144320,2024-01-01T20:26:31,29.65384,-91.41208,4.4,31.0,24.0,Other,146.6711659468398,-91.42500000000001,29.650000000000002,-91.42500000000001_29.650000000000002
338431393,2024-01-01T03:13:58,28.79769,-92.41302,4.0,36.0,16.0,Other,144.0823996531185,-92.42500000000001,28.775000000000002,-92.42500000000001_28.775000000000002
366987910,2024-01-01T22:47:48,29.24079,-90.20884,0.0,90.0,30.0,Other,154.77121254719663,-90.22500000000001,29.225,-90.22500000000001_29.225
235010710,2024-01-01T08:17:06,29.15887,-94.55157,0.1,79.0,300.0,Cargo,149.77121254719663,-94.575,29.150000000000002,-94.575_29.150000000000002
367312950,2024-01-01T04:33:14,29.99615,-93.22034,4.4,52.0,18.0,Other,145.4217785807568,-93.22500000000001,29.975,-93.22500000000001_29.975
367744120,2024-01-01T19:20:50,29.90678,-90.12339,0.0,52.0,19.0,Other,152.78753600952828,-90.125,29.900000000000002,-90.125_29.900000000000002
367767850,2024-01-01T21:04:44,29.67301,-89.96368,0.0,31.0,99.0,Other,159.9563519459755,-89.97500000000001,29.650000000000002,-89.97500000000001_29.650000000000002
636021252,2024-01-01T12:58:07,29.6757,-94.9791,10.2,79.0,207.0,Cargo,168.33170688980752,-95.0,29.675,-95.0_29.675
367405830,2024-01-01T11:37:03,29.74443,-93.86889,0.0,52.0,32.0,Other,155.05149978319906,-93.875,29.725,-93.875_29.725
368014720,2024-01-01T14:07:03,29.72612,-93.86981,0.0,69.0,36.0,Passenger,165.56302500767288,-93.875,29.725,-93.875_29.725
367591760,2024-01-01T23:09:45,29.61001,-94.94234,4.7,52.0,21.0,Other,146.66415010605354,-94.95,29.6,-94.95_29.6
636014475,2024-01-01T00:04:41,28.53733,-89.954,0.1,90.0,188.0,Tanker,150.7415784926368,-89.97500000000001,28.525000000000002,-89.97500000000001_28.525000000000002
366896250,2024-01-01T16:18:33,29.72092,-93.86448,0.0,50.0,19.0,Other,152.78753600952828,-93.875,29.700000000000003,-93.875_29.700000000000003
367587590,2024-01-01T23:21:54,29.68195,-94.98464,0.0,51.0,21.0,Other,153.22219294733918,-95.0,29.675,-95.0_29.675
367718370,2024-01-01T11:21:34,29.09609,-92.05221,2.9,30.0,18.0,Fishing,140.0,-92.075,29.075000000000003,-92.075_29.075000000000003
368279720,2024-01-01T21:00:05,29.65638,-91.25163,8.7,30.0,18.0,Fishing,146.34311010340542,-91.275,29.650000000000002,-91.275_29.650000000000002
303071000,2024-01-01T12:26:13,29.13278,-90.20049,0.0,79.0,60.0,Cargo,162.78151250383644,-90.22500000000001,29.125,-90.22500000000001_29.125
232035953,2024-01-01T03:52:04,29.60294,-89.85222,11.5,70.0,229.0,Cargo,169.81231163047113,-89.875,29.6,-89.875_29.6
367002060,2024-01-01T12:10:44,29.34473,-90.21291,0.0,52.0,20.0,Other,153.0102999566398,-90.22500000000001,29.325000000000003,-90.22500000000001_29.325000000000003
367676470,2024-01-01T03:02:26,29.5212,-89.71887,0.0,31.0,24.0,Other,153.80211241711606,-89.72500000000001,29.5,-89.72500000000001_29.5
367554310,2024-01-01T05:51:56,29.36313,-94.89785,0.0,52.0,22.0,Other,153.42422680822207,-94.9,29.35,-94.9_29.35
367033750,2024-01-01T09:44:31,29.81748,-93.98075,0.0,31.0,13.0,Other,151.13943352306836,-94.0,29.8,-94.0_29.8
367053990,2024-01-01T18:00:18,28.99511,-90.17515,16.2,60.0,40.0,Passenger,170.21090020413223,-90.2,28.975,-90.2_28.975
366970770,2024-01-01T03:31:25,29.91104,-90.12893,5.8,31.0,93.0,Other,154.95338935679808,-90.15,29.900000000000002,-90.15_29.900000000000002
367465110,2024-01-01T11:58:37,29.0309,-90.05117,2.8,30.0,26.0,Fishing,140.0,-90.075,29.025000000000002,-90.075_29.025000000000002
367767480,2024-01-01T17:27:46,29.31219,-94.8026,0.0,60.0,32.0,Passenger,165.05149978319906,-94.825,29.3,-94.825_29.3
367300090,2024-01-01T00:26:30,29.97166,-90.28187,0.0,60.0,16.0,Passenger,162.04119982655925,-90.30000000000001,29.950000000000003,-90.30000000000001_29.950000000000003
367637970,2024-01-01T21:33:01,29.96466,-90.39805,0.0,52.0,26.0,Other,154.14973347970817,-90.4,29.950000000000003,-90.4_29.950000000000003
367332840,2024-01-01T06:08:05,29.77751,-92.1775,0.0,79.0,50.0,Cargo,161.9897000433602,-92.2,29.775000000000002,-92.2_29.775000000000002
367598280,2024-01-01T05:35:00,29.26219,-89.3527,0.0,52.0,17.0,Other,152.30448921378274,-89.375,29.25,-89.375_29.25
367597990,2024-01-01T08:42:03,29.85109,-90.02249,0.0,31.0,17.0,Other,152.30448921378274,-90.025,29.85,-90.025_29.85
367570970,2024-01-01T19:57:09,29.28526,-89.36011,1.3,60.0,16.0,Passenger,144.32006687269597,-89.375,29.275000000000002,-89.375_29.275000000000002
367156260,2024-01-01T14:01:19,29.59708,-90.66567,0.0,90.0,46.0,Other,156.62757831681574,-90.67500000000001,29.575000000000003,-90.67500000000001_29.575000000000003
367045970,2024-01-01T19:41:42,29.84225,-92.33401,4.6,31.0,314.0,Cargo,163.22445311436363,-92.35000000000001,29.825000000000003,-92.35000000000001_29.825000000000003
366891140,2024-01-01T01:25:54,28.36988,-88.54539,11.2,52.0,180.0,Tanker,171.5370855044367,-88.55000000000001,28.35,-88.55000000000001_28.35
367361740,2024-01-01T13:35:11,29.99817,-90.83478,0.0,31.0,32.0,Other,155.05149978319906,-90.85000000000001,29.975,-90.85000000000001_29.975
367754630,2024-01-01T00:19:03,29.18566,-89.48564,2.4,30.0,24.0,Fishing,140.0,-89.5,29.175,-89.5_29.175
338878000,2024-01-01T10:43:24,29.12934,-90.20126,0.0,90.0,77.0,Other,158.86490725172482,-90.22500000000001,29.125,-90.22500000000001_29.125
367478450,2024-01-01T13:26:33,29.96721,-90.39755,0.3,31.0,205.0,Cargo,148.11753861055755,-90.4,29.950000000000003,-90.4_29.950000000000003
367711450,2024-01-01T18:58:03,29.68506,-91.15065,0.0,52.0,20.0,Other,153.0102999566398,-91.17500000000001,29.675,-91.17500000000001_29.675
367144820,2024-01-01T11:56:49,29.12208,-90.20652,0.0,31.0,40.0,Other,156.02059991327963,-90.22500000000001,29.1,-90.22500000000001_29.1
338517000,2024-01-01T00:03:40,29.58648,-90.37427,0.0,20.0,85.0,Other,159.29418925714293,-90.375,29.575000000000003,-90.375_29.575000000000003
367492110,2024-01-01T15:25:41,29.5843,-93.91716,0.1,70.0,61.0,Cargo,142.85329835010768,-93.92500000000001,29.575000000000003,-93.92500000000001_29.575000000000003
367704590,2024-01-01T01:56:45,29.93595,-90.3269,7.4,31.0,24.0,Other,151.1867468117356,-90.35000000000001,29.925,-90.35000000000001_29.925
538008465,2024-01-01T07:26:11,29.67374,-89.96383,0.1,70.0,199.0,Cargo,147.98853076409708,-89.97500000000001,29.650000000000002,-89.97500000000001_29.650000000000002
368206160,2024-01-01T12:32:49,29.6279,-94.95537,0.0,70.0,47.0,Cargo,161.72097857935717,-94.97500000000001,29.625,-94.97500000000001_29.625
367477560,2024-01-01T04:33:00,29.93457,-89.99754,0.3,31.0,225.0,Cargo,148.52182518111363,-90.0,29.925,-90.0_29.925
366961130,2024-01-01T20:58:45,29.56517,-90.72916,5.1,31.0,19.0,Other,146.93893953148702,-90.75,29.55,-90.75_29.55
368042170,2024-01-01T11:31:06,29.61051,-89.89069,0.0,57.0,19.0,Other,152.78753600952828,-89.9,29.6,-89.9_29.6
367451110,2024-01-01T22:24:18,29.37499,-94.86755,0.0,52.0,24.0,Other,153.80211241711606,-94.875,29.35,-94.875_29.35
367613490,2024-01-01T11:12:22,29.19915,-89.2729,10.9,39.0,95.0,Other,160.52576601170094,-89.275,29.175,-89.275_29.175
366970770,2024-01-01T01:56:26,29.95487,-90.22662,5.9,31.0,93.0,Other,155.10186971838223,-90.25,29.950000000000003,-90.25_29.950000000000003
368072050,2024-01-01T08:42:03,29.99601,-93.91923,0.0,52.0,119.0,Tanker,168.7554696139253,-93.92500000000001,29.975,-93.92500000000001_29.975
367622520,2024-01-01T04:57:54,29.98608,-90.39887,0.0,31.0,22.0,Other,153.42422680822207,-90.4,29.975,-90.4_29.975
311000389,2024-01-01T09:43:21,29.26165,-94.46063,0.0,80.0,225.0,Tanker,171.52182518111363,-94.47500000000001,29.25,-94.47500000000001_29.25
259788000,2024-01-01T01:10:04,29.2915,-94.5229,0.0,80.0,183.0,Tanker,170.6245108973043,-94.525,29.275000000000002,-94.525_29.275000000000002
303266000,2024-01-01T17:12:27,29.14621,-90.20799,0.0,33.0,87.0,Other,159.39519252618618,-90.22500000000001,29.125,-90.22500000000001_29.125
338894000,2024-01-01T17:06:16,29.60018,-90.66099,0.0,33.0,49.0,Other,156.90196080028514,-90.67500000000001,29.6,-90.67500000000001_29.6
366919170,2024-01-01T21:44:14,29.96553,-90.26994,0.0,31.0,38.0,Other,155.7978359661681,-90.275,29.950000000000003,-90.275_29.950000000000003
367689040,2024-01-01T19:58:24,29.90272,-90.08147,0.0,52.0,56.0,Other,157.481880270062,-90.10000000000001,29.900000000000002,-90.10000000000001_29.900000000000002
368264040,2024-01-01T06:43:40,29.90172,-89.98971,0.0,31.0,24.0,Other,153.80211241711606,-90.0,29.900000000000002,-90.0_29.900000000000002
368155170,2024-01-01T10:32:49,29.96896,-90.39775,0.0,57.0,117.0,Tanker,168.68185861746161,-90.4,29.950000000000003,-90.4_29.950000000000003
366805350,2024-01-01T18:33:11,29.29065,-88.66419,0.3,31.0,35.0,Other,140.0,-88.67500000000001,29.275000000000002,-88.67500000000001_29.275000000000002
368330750,2024-01-01T05:09:22,29.98225,-90.4041,0.0,57.0,22.0,Other,153.42422680822207,-90.42500000000001,29.975,-90.42500000000001_29.975
367489520,2024-01-01T05:10:35,29.83088,-93.96236,0.0,31.0,24.0,Other,153.80211241711606,-93.97500000000001,29.825000000000003,-93.97500000000001_29.825000000000003
367614560,2024-01-01T21:18:28,29.68555,-91.18632,0.0,90.0,36.0,Other,155.56302500767288,-91.2,29.675,-91.2_29.675
367541980,2024-01-01T16:12:32,29.93475,-89.9991,0.0,31.0,146.0,Tanker,169.64352855784438,-90.0,29.925,-90.0_29.925
367017940,2024-01-01T06:21:56,29.3987,-94.75444,0.0,31.0,24.0,Other,153.80211241711606,-94.775,29.375,-94.775_29.375
368250110,2024-01-01T00:37:07,29.60294,-94.36852,5.3,32.0,22.0,Other,147.90974420023787,-94.375,29.6,-94.375_29.6
368174480,2024-01-01T02:36:12,29.99189,-90.42819,0.2,31.0,30.0,Other,140.0,-90.45,29.975,-90.45_29.975
367079070,2024-01-01T02:35:51,29.94144,-91.83818,0.0,90.0,22.0,Other,153.42422680822207,-91.85000000000001,29.925,-91.85000000000001_29.925
636015596,2024-01-01T19:43:33,29.32272,-94.51232,0.0,80.0,170.0,Tanker,170.30448921378274,-94.525,29.3,-94.525_29.3
367097670,2024-01-01T07:47:09,29.57559,-90.6113,7.4,52.0,20.0,Other,150.39493435125934,-90.625,29.575000000000003,-90.625_29.575000000000003
368011450,2024-01-01T00:19:22,29.42702,-94.71522,0.0,31.0,17.0,Other,152.30448921378274,-94.72500000000001,29.425,-94.72500000000001_29.425
368248150,2024-01-01T15:40:57,29.14235,-89.25041,0.0,52.0,30.0,Other,154.77121254719663,-89.275,29.125,-89.275_29.125
368264020,2024-01-01T20:37:52,29.56106,-90.70375,0.0,31.0,16.0,Other,152.04119982655925,-90.72500000000001,29.55,-90.72500000000001_29.55
367474680,2024-01-01T19:15:29,29.88203,-90.00257,0.1,31.0,61.0,Other,140.0,-90.025,29.875,-90.025_29.875
366997930,2024-01-01T02:00:03,29.96917,-90.28633,0.0,52.0,22.0,Other,153.42422680822207,-90.30000000000001,29.950000000000003,-90.30000000000001_29.950000000000003
367419770,2024-01-01T09:20:18,28.78295,-91.40605,9.6,70.0,30.0,Cargo,159.416637207988,-91.42500000000001,28.775000000000002,-91.42500000000001_28.775000000000002
367728590,2024-01-01T17:47:27,29.11467,-89.42497,2.3,30.0,22.0,Fishing,140.0,-89.42500000000001,29.1,-89.42500000000001_29.1
367387860,2024-01-01T04:25:10,29.95192,-90.38762,0.0,31.0,18.0,Other,152.55272505103306,-90.4,29.950000000000003,-90.4_29.950000000000003
229726000,2024-01-01T21:09:47,28.33147,-89.00518,17.9,79.0,300.0,Cargo,174.82827316679447,-89.025,28.325000000000003,-89.025_28.325000000000003
367430810,2024-01-01T23:39:58,29.22866,-91.51059,0.2,30.0,27.0,Fishing,140.0,-91.525,29.225,-91.525_29.225
374956000,2024-01-01T16:42:31,29.32295,-94.53104,0.1,70.0,178.0,Cargo,147.50420002308894,-94.55000000000001,29.3,-94.55000000000001_29.3
368011060,2024-01-01T01:48:07,29.24509,-89.98847,0.0,30.0,21.0,Fishing,148.22219294733918,-90.0,29.225,-90.0_29.225
367309210,2024-01-01T03:16:55,29.94782,-90.06162,3.3,60.0,51.0,Passenger,157.44598055853712,-90.075,29.925,-90.075_29.925
367472580,2024-01-01T20:29:02,29.91794,-90.08273,0.0,52.0,27.0,Other,154.31363764158988,-90.10000000000001,29.900000000000002,-90.10000000000001_29.900000000000002
367310330,2024-01-01T02:41:59,29.26135,-89.3601,0.0,60.0,38.0,Passenger,165.7978359661681,-89.375,29.25,-89.375_29.25
367799340,2024-01-01T02:28:23,29.8439,-90.0602,0.0,30.0,85.0,Fishing,154.29418925714293,-90.075,29.825000000000003,-90.075_29.825000000000003
367528110,2024-01-01T09:26:49,29.9988,-89.97875,0.0,31.0,207.0,Cargo,168.15970345456918,-90.0,29.975,-90.0_29.975
367535540,2024-01-01T12:36:26,29.3565,-89.30053,0.0,31.0,20.0,Other,153.0102999566398,-89.325,29.35,-89.325_29.35
367510030,2024-01-01T17:24:32,29.12062,-90.21198,0.0,70.0,49.0,Cargo,161.90196080028514,-90.22500000000001,29.1,-90.22500000000001_29.1
367317270,2024-01-01T18:42:51,29.9438,-90.38439,0.0,52.0,29.0,Other,154.62397997898955,-90.4,29.925,-90.4_29.925
367502170,2024-01-01T06:55:41,29.90647,-90.10239,0.0,31.0,114.0,Tanker,168.56904851336472,-90.125,29.900000000000002,-90.125_29.900000000000002
367566160,2024-01-01T20:17:26,29.82472,-92.65138,0.0,52.0,17.0,Other,152.30448921378274,-92.67500000000001,29.8,-92.67500000000001_29.8
367672550,2024-01-01T05:40:47,29.78327,-93.33236,0.0,40.0,51.0,Other,157.07570176097937,-93.35000000000001,29.775000000000002,-93.35000000000001_29.775000000000002
366995730,2024-01-01T08:09:07,29.46598,-94.96291,0.0,31.0,24.0,Other,153.80211241711606,-94.97500000000001,29.450000000000003,-94.97500000000001_29.450000000000003
367796610,2024-01-01T21:52:34,29.33918,-94.69996,9.6,50.0,26.0,Other,153.79515814049955,-94.7,29.325000000000003,-94.7_29.325000000000003
367534590,2024-01-01T23:31:11,29.05632,-90.16964,0.0,99.0,39.0,Other,155.910646070265,-90.17500000000001,29.05,-90.17500000000001_29.05
366750490,2024-01-01T08:30:41,29.11541,-90.20934,0.0,90.0,55.0,Other,157.40362689494245,-90.22500000000001,29.1,-90.22500000000001_29.1
367003520,2024-01-01T03:39:24,29.78303,-92.19833,3.3,31.0,213.0,Cargo,158.6540748319451,-92.2,29.775000000000002,-92.2_29.775000000000002
538005554,2024-01-01T11:00:39,28.82056,-94.50822,0.0,80.0,144.0,Tanker,169.5836249209525,-94.525,28.8,-94.525_28.8
367390070,2024-01-01T04:46:41,29.82696,-90.00269,0.0,60.0,21.0,Passenger,163.22219294733918,-90.025,29.825000000000003,-90.025_29.825000000000003
367468580,2024-01-01T08:55:54,29.97024,-90.24461,0.0,31.0,20.0,Other,153.0102999566398,-90.25,29.950000000000003,-90.25_29.950000000000003
367006560,2024-01-01T07:24:13,29.9334,-90.05572,0.0,52.0,38.0,Other,155.7978359661681,-90.075,29.925,-90.075_29.925
367021310,2024-01-01T12:06:28,29.87186,-89.62728,0.0,31.0,87.0,Other,159.39519252618618,-89.65,29.85,-89.65_29.85
367530790,2024-01-01T13:51:27,29.28447,-94.85683,0.0,37.0,23.0,Other,153.61727836017593,-94.875,29.275000000000002,-94.875_29.275000000000002
367627770,2024-01-01T12:43:54,29.93937,-90.00718,0.0,31.0,27.0,Other,154.31363764158988,-90.025,29.925,-90.025_29.925
368089370,2024-01-01T17:49:03,29.60287,-89.86641,0.0,30.0,13.0,Fishing,146.13943352306836,-89.875,29.6,-89.875_29.6
368077830,2024-01-01T23:35:01,29.72367,-90.15516,3.7,52.0,23.0,Other,144.98131284151583,-90.17500000000001,29.700000000000003,-90.17500000000001_29.700000000000003
367391930,2024-01-01T23:27:43,29.29568,-92.0417,4.0,31.0,24.0,Other,145.8433122436753,-92.05000000000001,29.275000000000002,-92.05000000000001_29.275000000000002
366999513,2024-01-01T11:55:52,29.68941,-91.20242,0.0,55.0,22.0,Other,153.42422680822207,-91.22500000000001,29.675,-91.22500000000001_29.675
367087950,2024-01-01T10:52:23,29.36896,-94.89029,0.7,31.0,116.0,Tanker,148.64457989226918,-94.9,29.35,-94.9_29.35
367075010,2024-01-01T15:03:38,29.71256,-89.98328,9.0,31.0,24.0,Other,152.88696260590257,-90.0,29.700000000000003,-90.0_29.700000000000003
368129280,2024-01-01T19:46:43,29.13509,-89.24714,0.0,99.0,17.0,Other,152.30448921378274,-89.25,29.125,-89.25_29.125
366959840,2024-01-01T15:40:40,29.36105,-94.90564,0.0,52.0,23.0,Other,153.61727836017593,-94.92500000000001,29.35,-94.92500000000001_29.35
368988000,2024-01-01T17:08:21,29.90855,-90.09691,0.0,70.0,288.0,Cargo,169.59392487759231,-90.10000000000001,29.900000000000002,-90.10000000000001_29.900000000000002
368144120,2024-01-01T16:04:09,28.91869,-89.41886,22.9,50.0,16.0,Other,159.237909473357,-89.42500000000001,28.900000000000002,-89.42500000000001_28.900000000000002
367478440,2024-01-01T01:04:50,29.4075,-94.74095,0.0,31.0,83.0,Other,159.19078092376074,-94.75,29.400000000000002,-94.75_29.400000000000002
305305000,2024-01-01T16:02:37,29.94142,-89.99842,0.0,70.0,146.0,Cargo,166.64352855784438,-90.0,29.925,-90.0_29.925
366709000,2024-01-01T11:47:12,29.23676,-94.50148,10.5,32.0,212.0,Cargo,168.68714459068627,-94.525,29.225,-94.525_29.225
366990360,2024-01-01T12:55:45,29.93137,-91.84078,0.0,31.0,18.0,Other,152.55272505103306,-91.85000000000001,29.925,-91.85000000000001_29.925
371478000,2024-01-01T10:52:54,29.41939,-93.69767,0.1,70.0,200.0,Cargo,148.0102999566398,-93.7,29.400000000000002,-93.7_29.400000000000002
367175740,2024-01-01T22:32:45,29.14942,-90.20346,0.0,31.0,32.0,Other,155.05149978319906,-90.22500000000001,29.125,-90.22500000000001_29.125
