date,campaign_name,spend,clicks,impressions,conversions
2025-10-27,Brand Campaign,492.24,288,11383,12
2025-10-27,Product Launch,435.2,919,24456,67
2025-10-27,Retargeting,494.19,633,16346,42
2025-10-27,Black Friday Special,364.28,722,23822,30
2025-10-28,Brand Campaign,436.3,451,19997,19
2025-10-28,Product Launch,611.69,607,22969,30
2025-10-28,Retargeting,742.27,654,18198,36
2025-10-28,Black Friday Special,639.04,559,14783,39
2025-10-29,Brand Campaign,600.85,522,18609,18
2025-10-29,Product Launch,336.74,465,20656,26
2025-10-29,Retargeting,334.21,848,22723,54
2025-10-29,Black Friday Special,388.12,487,22316,24
2025-10-30,Brand Campaign,715.6,835,23756,32
2025-10-30,Product Launch,522.54,345,13668,15
2025-10-30,Retargeting,432.16,634,20648,27
2025-10-30,Black Friday Special,764.4,502,15418,34
2025-10-31,Brand Campaign,561.26,633,20171,39
2025-10-31,Product Launch,630.47,510,20582,36
2025-10-31,Retargeting,495.15,354,12656,18
2025-10-31,Black Friday Special,767.45,547,15603,26
2025-11-01,Brand Campaign,377.07,466,19762,36
2025-11-01,Product Launch,625.39,543,13791,30
2025-11-01,Retargeting,587.38,863,24519,40
2025-11-01,Black Friday Special,793.84,505,22958,18
2025-11-02,Brand Campaign,618.99,535,21210,37
2025-11-02,Product Launch,716.17,428,20492,17
2025-11-02,Retargeting,733.98,913,24708,29
2025-11-02,Black Friday Special,382.44,664,23514,25
2025-11-03,Brand Campaign,577.43,791,20401,42
2025-11-03,Product Launch,483.52,858,24599,45
2025-11-03,Retargeting,651.74,631,18513,46
2025-11-03,Black Friday Special,597.66,553,18538,40
2025-11-04,Brand Campaign,500.91,603,15851,35
2025-11-04,Product Launch,760.84,756,23998,46
2025-11-04,Retargeting,399.29,490,12282,26
2025-11-04,Black Friday Special,519.1,755,21824,42
2025-11-05,Brand Campaign,766.27,785,21547,62
2025-11-05,Product Launch,405.15,429,13013,18
2025-11-05,Retargeting,597.39,397,13776,18
2025-11-05,Black Friday Special,613.38,527,13630,39
2025-11-06,Brand Campaign,698.74,459,12758,34
2025-11-06,Product Launch,537.53,380,16909,26
2025-11-06,Retargeting,482.43,336,12844,20
2025-11-06,Black Friday Special,700.76,747,24357,49
2025-11-07,Brand Campaign,393.69,279,10264,14
2025-11-07,Product Launch,476.55,769,22835,32
2025-11-07,Retargeting,421.82,761,23833,41
2025-11-07,Black Friday Special,555.18,551,15946,38
2025-11-08,Brand Campaign,402.02,275,12061,13
2025-11-08,Product Launch,307.38,277,11671,11
2025-11-08,Retargeting,547.75,261,10245,19
2025-11-08,Black Friday Special,370.18,459,12505,15
2025-11-09,Brand Campaign,705.36,459,16856,35
2025-11-09,Product Launch,718.79,451,19472,27
2025-11-09,Retargeting,786.64,388,14758,16
2025-11-09,Black Friday Special,626.91,356,14747,17
2025-11-10,Brand Campaign,524.16,440,15878,25
2025-11-10,Product Launch,652.36,311,12668,10
2025-11-10,Retargeting,476.11,337,15487,25
2025-11-10,Black Friday Special,331.74,499,20108,38
2025-11-11,Brand Campaign,595.95,543,22740,20
2025-11-11,Product Launch,663.06,824,23012,62
2025-11-11,Retargeting,367.61,723,18737,47
2025-11-11,Black Friday Special,355.56,507,16046,36
2025-11-12,Brand Campaign,441.98,451,14239,32
2025-11-12,Product Launch,488.57,359,17260,15
2025-11-12,Retargeting,555.76,468,21556,24
2025-11-12,Black Friday Special,701.89,600,15466,29
2025-11-13,Brand Campaign,415.94,346,13329,15
2025-11-13,Product Launch,400.35,518,20577,23
2025-11-13,Retargeting,719.72,580,18363,22
2025-11-13,Black Friday Special,681.67,863,24625,58
2025-11-14,Brand Campaign,349.17,375,10289,15
2025-11-14,Product Launch,348.72,646,24044,39
2025-11-14,Retargeting,494.82,476,14600,25
2025-11-14,Black Friday Special,371.35,286,12235,16
2025-11-15,Brand Campaign,702.56,471,12208,32
2025-11-15,Product Launch,543.86,389,17383,13
2025-11-15,Retargeting,490.35,682,23136,52
2025-11-15,Black Friday Special,412.15,852,21782,67
2025-11-16,Brand Campaign,784.38,491,17113,18
2025-11-16,Product Launch,430.35,551,19249,36
2025-11-16,Retargeting,420.9,567,14575,42
2025-11-16,Black Friday Special,518.51,523,17550,27
2025-11-17,Brand Campaign,428.16,392,12162,12
2025-11-17,Product Launch,408.97,538,16981,22
2025-11-17,Retargeting,535.0,515,20150,21
2025-11-17,Black Friday Special,445.06,529,23967,25
2025-11-18,Brand Campaign,511.9,521,15412,38
2025-11-18,Product Launch,525.94,477,23768,17
2025-11-18,Retargeting,485.06,656,21823,34
2025-11-18,Black Friday Special,772.59,738,21322,56
2025-11-19,Brand Campaign,690.03,235,11575,10
2025-11-19,Product Launch,538.29,456,18279,35
2025-11-19,Retargeting,781.15,415,15894,30
2025-11-19,Black Friday Special,615.24,501,20358,23
2025-11-20,Brand Campaign,477.77,557,14924,27
2025-11-20,Product Launch,576.94,816,22556,62
2025-11-20,Retargeting,438.4,742,24401,34
2025-11-20,Black Friday Special,686.08,287,13602,10
2025-11-21,Brand Campaign,464.09,768,20104,53
2025-11-21,Product Launch,637.72,562,22711,27
2025-11-21,Retargeting,404.5,510,19968,38
2025-11-21,Black Friday Special,735.84,766,24389,24
2025-11-22,Brand Campaign,391.9,724,20068,52
2025-11-22,Product Launch,774.85,769,24120,55
2025-11-22,Retargeting,722.21,513,17696,37
2025-11-22,Black Friday Special,540.66,685,23477,28
2025-11-23,Brand Campaign,423.19,373,12811,12
2025-11-23,Product Launch,640.7,275,11863,10
2025-11-23,Retargeting,736.51,955,24256,46
2025-11-23,Black Friday Special,799.58,581,24076,30
2025-11-24,Brand Campaign,668.12,387,15942,25
2025-11-24,Product Launch,410.49,503,17901,27
2025-11-24,Retargeting,461.01,611,23363,33
2025-11-24,Black Friday Special,707.94,496,19278,27
2025-11-25,Brand Campaign,518.56,312,11059,22
2025-11-25,Product Launch,410.7,305,10774,23
2025-11-25,Retargeting,433.12,702,22339,30
2025-11-25,Black Friday Special,491.07,553,18272,19
